id,name,price,date,time
1129323,"Материнская плата Esonic G31CEL2 [LGA 775, Intel G31, 2xDDR2-800 МГц, 1xPCI-Ex16, аудио 5.1, Micro-ATX]",2899,2021-06-18,17:55:13
1362312,"Материнская плата ASRock H310CM-HDV [LGA 1151-v2, Intel H310, 2xDDR4-2666 МГц, 1xPCI-Ex16, аудио 7.1, Micro-ATX]",3450,15:00:28,17:55:13
1303419,"Материнская плата MSI H310M PRO-VDH PLUS [LGA 1151-v2, Intel H310, 2xDDR4-2666 МГц, 1xPCI-Ex16, аудио 7.1, Micro-ATX]",3499,2021-06-18,17:55:13
1343486,"Материнская плата ASRock A320M-DVS R4.0 [AM4, AMD A320, 2xDDR4-3200 МГц, 1xPCI-Ex16, аудио 7.1, Micro-ATX]",3599,2021-06-18,17:55:13
1318724,"Материнская плата ASUS PRIME H310M-K R2.0 [LGA 1151-v2, Intel H310, 2xDDR4-2666 МГц, 1xPCI-Ex16, аудио 7.1, Micro-ATX]",3699,2021-06-18,17:55:13
1317452,"Материнская плата MSI A320M PRO-E [AM4, AMD A320, 2xDDR4-3200 МГц, 1xPCI-Ex16, аудио 7.1, Micro-ATX]",3799,2021-06-18,17:55:13
1604095,"Материнская плата MSI A320M-A PRO [AM4, AMD A320, 2xDDR4-3200 МГц, 1xPCI-Ex16, аудио 7.1, Micro-ATX]",3799,2021-06-18,17:55:13
1299914,"Материнская плата GIGABYTE GA-A320M-H [AM4, AMD A320, 2xDDR4-3200 МГц, 1xPCI-Ex16, аудио 7.1, Micro-ATX]",3899,2021-06-18,17:55:13
1116083,"Материнская плата ASUS PRIME A320M-K [AM4, AMD A320, 2xDDR4-3200 МГц, 1xPCI-Ex16, аудио 7.1, Micro-ATX]",3950,2021-06-18,17:55:13
4737614,"Материнская плата ASRock H370M-HDV [LGA 1151-v2, Intel H370, 2xDDR4-2666 МГц, 1xPCI-Ex16, аудио 7.1, Micro-ATX]",3999,2021-06-18,17:55:13
1689155,"Материнская плата Biostar A68MHE [FM2+, AMD A68H, 2xDDR3-2600 МГц, 1xPCI-Ex16, аудио 5.1, Micro-ATX]",3799,2021-06-21,09:39:21
1603149,"Материнская плата Esonic G41CPL3 [LGA 775, Intel G41, 2xDDR3-1333 МГц, 1xPCI-Ex16, аудио 5.1, Micro-ATX]",3999,2021-06-18,17:55:13
4715410,"Материнская плата GIGABYTE GA-A320M-H 2.0 [AM4, AMD A320, 2xDDR4-3200 МГц, 1xPCI-Ex16, аудио 7.1, Micro-ATX]",3999,2021-06-18,17:55:13
1339499,"Материнская плата GIGABYTE H310M H 2.0 [LGA 1151-v2, Intel H310, 2xDDR4-2666 МГц, 1xPCI-Ex16, аудио 7.1, Micro-ATX]",3999,2021-06-18,17:55:13
6729606,"Материнская плата ASRock D1800M [FCBGA1170, Intel Celeron J1800 2х2.41 ГГц, 2xDDR3, DDR3L-1333 МГц, 1xPCI-Ex16, аудио 5.1, Micro-ATX]",4099,2021-06-21,09:39:21
1212327,"Материнская плата GIGABYTE GA-A320M-S2H [AM4, AMD A320, 2xDDR4-3200 МГц, 1xPCI-Ex16, аудио 7.1, Micro-ATX]",4099,2021-06-18,17:55:13
1692882,"Материнская плата ASUS PRIME A520M-K [AM4, AMD A520, 2xDDR4-4500 МГц, 1xPCI-Ex16, аудио 7.1, Micro-ATX]",5199,2021-06-21,09:39:21
1339509,"Материнская плата GIGABYTE H310M S2H 2.0 [LGA 1151-v2, Intel H310, 2xDDR4-2666 МГц, 1xPCI-Ex16, аудио 7.1, Micro-ATX]",4499,2021-06-21,09:39:21
1349046,"Материнская плата ASRock H110M-DGS R3.0 [LGA 1151, Intel H110, 2xDDR4-2133 МГц, 1xPCI-Ex16, аудио 7.1, Micro-ATX]",4499,2021-06-18,17:55:13
4759266,"Материнская плата Biostar A960D+V3 [AM3+, AMD 760G, 2xDDR3-1866 МГц, 1xPCI-Ex16, аудио 5.1, Micro-ATX]",4499,2021-06-18,17:55:13
1293397,"Материнская плата Esonic H61FEL-U [LGA 1155, Intel H61, 2xDDR3-1333 МГц, 1xPCI-Ex16, аудио 5.1, Micro-ATX]",4499,2021-06-18,17:55:13
1688768,"Материнская плата GIGABYTE A520M H [AM4, AMD A520, 2xDDR4-5000 МГц, 1xPCI-Ex16, аудио 7.1, Micro-ATX]",4499,2021-06-18,17:55:13
1688767,"Материнская плата GIGABYTE A520M S2H [AM4, AMD A520, 2xDDR4-5000 МГц, 1xPCI-Ex16, аудио 7.1, Micro-ATX]",4499,2021-06-18,17:55:13
1372482,"Материнская плата ASRock B450M-HDV R4.0 [AM4, AMD B450, 2xDDR4-3200 МГц, 1xPCI-Ex16, аудио 7.1, Micro-ATX]",4399,2021-06-21,09:39:21
1663778,"Материнская плата ASRock A520M-HVS [AM4, AMD A520, 2xDDR4-4733 МГц, 1xPCI-Ex16, аудио 7.1, Micro-ATX]",4599,2021-06-18,17:55:13
1663777,"Материнская плата ASRock A520M-HDV [AM4, AMD A520, 2xDDR4-4733 МГц, 1xPCI-Ex16, аудио 7.1, Micro-ATX]",4699,2021-06-18,17:55:13
1275076,"Материнская плата ASUS PRIME B450M-K [AM4, AMD B450, 2xDDR4-3200 МГц, 1xPCI-Ex16, аудио 7.1, Micro-ATX]",4699,2021-06-18,17:55:13
1399004,"Материнская плата MSI B365M PRO-VH [LGA 1151-v2, Intel B365, 2xDDR4-2666 МГц, 1xPCI-Ex16, аудио 7.1, Micro-ATX]",4999,2021-06-21,09:39:21
1393357,"Материнская плата GIGABYTE B365M H [LGA 1151-v2, Intel B365, 2xDDR4-2666 МГц, 1xPCI-Ex16, аудио 7.1, Micro-ATX]",4750,23:06:13,17:55:13
1390794,"Материнская плата MSI MAG B365M MORTAR [LGA 1151-v2, Intel B365, 4xDDR4-2666 МГц, 1xPCI-Ex16, аудио 7.1, Micro-ATX]",4750,2021-06-18,17:55:13
1257394,"Материнская плата ASRock 760GM-HDV [AM3+, AMD 760G, 2xDDR3-1800 МГц, 1xPCI-Ex16, аудио 7.1, Micro-ATX]",4799,2021-06-18,17:55:13
1007235,"Материнская плата ASUS A68HM-PLUS [FM2+, AMD A68H, 2xDDR3-2400 МГц, 1xPCI-Ex16, аудио 2, Micro-ATX]",4499,2021-06-21,09:39:21
4759268,"Материнская плата Biostar B250MHC [LGA 1151, Intel B250, 2xDDR4-2400 МГц, 1xPCI-Ex16, аудио 7.1, Micro-ATX]",4799,2021-06-18,17:55:13
1639885,"Материнская плата GIGABYTE B450M H [AM4, AMD B450, 2xDDR4-3600 МГц, 1xPCI-Ex16, аудио 7.1, Micro-ATX]",4799,2021-06-18,17:55:13
1393569,"Материнская плата MSI B450M-A PRO MAX [AM4, AMD B450, 2xDDR4-4133 МГц, 1xPCI-Ex16, аудио 7.1, Micro-ATX]",4799,2021-06-18,17:55:13
1129307,"Материнская плата ASRock J3355M [FCBGA1296, Intel Celeron J3355 2x2.0 ГГц, 2xDDR3, DDR3L-1866 МГц, 1xPCI-Ex16, аудио 7.1, Micro-ATX]",4999,2021-06-18,17:55:13
0143594,"Материнская плата ASUS M5A78L-M LX3 [AM3+, AMD 760G, 2xDDR3-1866 МГц, 1xPCI-Ex16, аудио 7.1, Micro-ATX]",4999,2021-06-18,17:55:13
8193469,"Материнская плата ASUS PRIME A520M-E [AM4, AMD A520, 2xDDR4-4600 МГц, 1xPCI-Ex16, аудио 7.1, Micro-ATX]",4999,2021-06-18,17:55:13
1356485,"Материнская плата ASUS PRIME B365M-K [LGA 1151-v2, Intel B365, 2xDDR4-2666 МГц, 1xPCI-Ex16, аудио 7.1, Micro-ATX]",4999,2021-06-18,17:55:13
1129327,"Материнская плата Biostar H81MHV3 [LGA 1150, Intel H81, 2xDDR3-1600 МГц, 1xPCI-Ex16, аудио 5.1, Micro-ATX]",4999,2021-06-18,17:55:13
1688760,"Материнская плата MSI A520M-A PRO [AM4, AMD A520, 2xDDR4-4600 МГц, 1xPCI-Ex16, аудио 7.1, Micro-ATX]",4999,2021-06-18,17:55:13
1391810,"Материнская плата MSI B450M PRO-M2 MAX [AM4, AMD B450, 2xDDR4-4133 МГц, 1xPCI-Ex16, аудио 7.1, Micro-ATX]",4999,2021-06-18,17:55:13
1642078,"Материнская плата ASRock A320M PRO4-F [AM4, AMD A320, 4xDDR4-3200 МГц, 2xPCI-Ex16, аудио 7.1, Micro-ATX]",5099,15:00:28,17:55:13
4740602,"Материнская плата GIGABYTE B450M S2H V2 [AM4, AMD B450, 2xDDR4-3600 МГц, 1xPCI-Ex16, аудио 7.1, Micro-ATX]",5099,2021-06-18,17:55:13
1692883,"Материнская плата ASUS PRIME A520M-A [AM4, AMD A520, 4xDDR4-4800 МГц, 1xPCI-Ex16, аудио 7.1, Micro-ATX]",5199,2021-06-18,17:55:13
1688762,"Материнская плата GIGABYTE A520M DS3H [AM4, AMD A520, 4xDDR4-4733 МГц, 1xPCI-Ex16, аудио 7.1, Micro-ATX]",5199,2021-06-18,17:55:13
1390797,"Материнская плата MSI B365M PRO-VDH [LGA 1151-v2, Intel B365, 4xDDR4-2666 МГц, 1xPCI-Ex16, аудио 7.1, Micro-ATX]",5250,2021-06-18,17:55:13
1668319,"Материнская плата GIGABYTE H410M S2 [LGA 1200, Intel H410, 2xDDR4-2933 МГц, 1xPCI-Ex16, аудио 7.1, Micro-ATX]",5850,2021-06-21,09:39:21
1386153,"Материнская плата GIGABYTE B365M HD3 [LGA 1151-v2, Intel B365, 2xDDR4-2666 МГц, 2xPCI-Ex16, аудио 7.1, Micro-ATX]",5350,15:00:28,17:55:13
4733707,"Материнская плата ASRock A520M-HDVP/DASH [AM4, AMD A520, 2xDDR4-4733 МГц, 1xPCI-Ex16, аудио 7.1, Micro-ATX]",5499,2021-06-18,17:55:13
1633455,"Материнская плата ASRock B365M PRO4-F [LGA 1151-v2, Intel B365, 4xDDR4-2666 МГц, 2xPCI-Ex16, аудио 7.1, Micro-ATX]",5499,2021-06-18,17:55:13
4762439,"Материнская плата ASRock H470M-HDV [LGA 1200, Intel H470, 2xDDR4-2933 МГц, 1xPCI-Ex16, аудио 7.1, Micro-ATX]",5499,2021-06-18,17:55:13
4764210,"Материнская плата ASRock H470M-HVS [LGA 1200, Intel H470, 2xDDR4-2933 МГц, 1xPCI-Ex16, аудио 7.1, Micro-ATX]",5499,2021-06-18,17:55:13
1627204,"Материнская плата ASUS PRIME H310M-D R2.0 [LGA 1151-v2, Intel H310, 2xDDR4-2666 МГц, 1xPCI-Ex16, аудио 7.1, Micro-ATX]",5499,2021-06-18,17:55:13
4811312,"Материнская плата Biostar A68N-5600E [BGA769 (FT3b), AMD A68H, AMD A4 Pro-3350B 4x2 ГГц, 2xDDR3, DDR3L-1600 МГц, 1xPCI-Ex16, аудио 5.1, Mini-ITX]",5499,2021-06-18,17:55:13
1647611,"Материнская плата Biostar H61MHV2 [LGA 1155, Intel H61, 2xDDR3-1600 МГц, 1xPCI-Ex16, аудио 5.1, Micro-ATX]",5499,2021-06-18,17:55:13
1364416,"Материнская плата GIGABYTE B365M DS3H [LGA 1151-v2, Intel B365, 4xDDR4-2666 МГц, 1xPCI-Ex16, аудио 7.1, Micro-ATX]",5499,2021-06-18,17:55:13
1654728,"Материнская плата ASRock H410M-HVS [LGA 1200, Intel H410, 2xDDR4-2933 МГц, 1xPCI-Ex16, аудио 7.1, Micro-ATX]",5599,2021-06-18,17:55:13
1273950,"Материнская плата GIGABYTE B450M DS3H [AM4, AMD B450, 4xDDR4-3200 МГц, 2xPCI-Ex16, аудио 7.1, Micro-ATX]",5599,2021-06-18,17:55:13
4702345,"Материнская плата GIGABYTE B450M DS3H V2 [AM4, AMD B450, 4xDDR4-3600 МГц, 2xPCI-Ex16, аудио 7.1, Micro-ATX]",5599,2021-06-18,17:55:13
1668318,"Материнская плата GIGABYTE H410M H [LGA 1200, Intel H410, 2xDDR4-2933 МГц, 1xPCI-Ex16, аудио 7.1, Micro-ATX]",5599,2021-06-18,17:55:13
1399468,"Материнская плата MSI B450M PRO-VDH MAX [AM4, AMD B450, 4xDDR4-3466 МГц, 1xPCI-Ex16, аудио 7.1, Micro-ATX]",5599,2021-06-18,17:55:13
4749391,"Материнская плата MSI H410M PRO-E [LGA 1200, Intel H410, 2xDDR4-2933 МГц, 1xPCI-Ex16, аудио 7.1, Micro-ATX]",5599,2021-06-18,17:55:13
1663622,"Материнская плата MSI H410M-A PRO [LGA 1200, Intel H410, 2xDDR4-2933 МГц, 1xPCI-Ex16, аудио 7.1, Micro-ATX]",5599,2021-06-18,17:55:13
1151982,"Материнская плата ASUS PRIME A320M-A [AM4, AMD A320, 4xDDR4-3200 МГц, 1xPCI-Ex16, аудио 7.1, Micro-ATX]",5699,2021-06-18,17:55:13
4730938,"Материнская плата ASUS PRIME B450M-A II [AM4, AMD B450, 4xDDR4-4400 МГц, 1xPCI-Ex16, аудио 7.1, Micro-ATX]",5699,2021-06-18,17:55:13
4778004,"Материнская плата ASRock H410M-HDV R2.0 [LGA 1200, Intel H410, 2xDDR4-2933 МГц, 1xPCI-Ex16, аудио 7.1, Micro-ATX]",5799,2021-06-18,17:55:13
1275075,"Материнская плата ASUS PRIME B450M-A [AM4, AMD B450, 4xDDR4-3200 МГц, 1xPCI-Ex16, аудио 7.1, Micro-ATX]",5550,23:06:13,17:55:13
1314893,"Материнская плата GIGABYTE B450M GAMING [AM4, AMD B450, 2xDDR4-2933 МГц, 1xPCI-Ex16, аудио 7.1, Micro-ATX]",5799,2021-06-18,17:55:13
1668320,"Материнская плата GIGABYTE H410M S2H [LGA 1200, Intel H410, 2xDDR4-2933 МГц, 1xPCI-Ex16, аудио 7.1, Micro-ATX]",5899,2021-06-18,17:55:13
4753675,"Материнская плата ASRock H510M-HDV [LGA 1200, Intel H510, 2xDDR4-3200 МГц, 1xPCI-Ex16, аудио 7.1, Micro-ATX]",6150,23:06:13,17:55:13
1668521,"Материнская плата ASUS PRIME H410M-K [LGA 1200, Intel H410, 2xDDR4-2933 МГц, 1xPCI-Ex16, аудио 7.1, Micro-ATX]",6099,2021-06-18,17:55:13
8197403,"Материнская плата ASUS PRIME H410M-R-SI [LGA 1200, Intel H410, 2xDDR4-2933 МГц, 1xPCI-Ex16, аудио 7.1, Micro-ATX]",6099,2021-06-18,17:55:13
1689151,"Материнская плата Biostar H410MH [LGA 1200, Intel H410, 2xDDR4-2933 МГц, 1xPCI-Ex16, аудио 7.1, Micro-ATX]",6099,2021-06-18,17:55:13
1379831,"Материнская плата GIGABYTE B365M D3H [LGA 1151-v2, Intel B365, 4xDDR4-2666 МГц, 2xPCI-Ex16, аудио 7.1, Micro-ATX]",6199,23:06:13,17:55:13
4753678,"Материнская плата ASRock H510M-HVS [LGA 1200, Intel H510, 2xDDR4-3200 МГц, 1xPCI-Ex16, аудио 7.1, Micro-ATX]",6199,23:06:13,17:55:13
4796670,"Материнская плата MSI H410M PRO-VH [LGA 1200, Intel H410, 2xDDR4-2933 МГц, 1xPCI-Ex16, аудио 7.1, Micro-ATX]",6299,23:06:13,17:55:13
1343514,"Материнская плата ASRock B365M PRO4 [LGA 1151-v2, Intel B365, 4xDDR4-2666 МГц, 2xPCI-Ex16, аудио 7.1, Micro-ATX]",6099,2021-06-21,09:39:21
1663620,"Материнская плата MSI B460M-A PRO [LGA 1200, Intel B460, 2xDDR4-2933 МГц, 1xPCI-Ex16, аудио 7.1, Micro-ATX]",6299,2021-06-18,17:55:13
1688766,"Материнская плата GIGABYTE A520M AORUS ELITE [AM4, AMD A520, 4xDDR4-4733 МГц, 1xPCI-Ex16, аудио 7.1, Micro-ATX]",6350,2021-06-18,17:55:13
1663307,"Материнская плата ASRock B550M-HDV [AM4, AMD B550, 2xDDR4-4733 МГц, 1xPCI-Ex16, аудио 7.1, Micro-ATX]",6050,23:06:13,17:55:13
1654723,"Материнская плата ASRock H410M-HDV/M.2 [LGA 1200, Intel H410, 2xDDR4-2933 МГц, 1xPCI-Ex16, аудио 7.1, Micro-ATX]",6399,2021-06-18,17:55:13
4759223,"Материнская плата GIGABYTE H510M S2H [LGA 1200, Intel H510, 2xDDR4-3200 МГц, 1xPCI-Ex16, аудио 7.1, Micro-ATX]",7199,2021-06-21,09:39:21
4817168,"Материнская плата MSI A520M PRO [AM4, AMD A520, 2xDDR4-4600 МГц, 1xPCI-Ex16, аудио 7.1, Micro-ATX]",6450,2021-06-18,17:55:13
1673543,"Материнская плата ASRock A320M-ITX [AM4, AMD A320, 2xDDR4-3466 МГц, 1xPCI-Ex16, аудио 7.1, Mini-ITX]",6499,2021-06-18,17:55:13
1379165,"Материнская плата ASRock H310CM-ITX/AC [LGA 1151-v2, Intel H310, 2xDDR4-2666 МГц, 1xPCI-Ex16, аудио 7.1, Mini-ITX]",6499,2021-06-18,17:55:13
1251128,"Материнская плата ASRock J4005B-ITX [FCBGA1090, Intel Celeron J4005 2x2.0 ГГц, 2xDDR4-2400 МГц, 1xPCI-Ex16, аудио 7.1, Mini-ITX]",6499,2021-06-18,17:55:13
1275072,"Материнская плата ASUS TUF B450M-PLUS GAMING [AM4, AMD B450, 4xDDR4-3200 МГц, 2xPCI-Ex16, аудио 7.1, Micro-ATX]",6499,2021-06-18,17:55:13
1275042,"Материнская плата GIGABYTE B450 AORUS M [AM4, AMD B450, 4xDDR4-3600 МГц, 2xPCI-Ex16, аудио 7.1, Micro-ATX]",6450,23:06:13,17:55:13
1339495,"Материнская плата GIGABYTE H310 D3 2.0 [LGA 1151-v2, Intel H310, 2xDDR4-2666 МГц, 1xPCI-Ex16, аудио 7.1, Standard-ATX]",6499,2021-06-18,17:55:13
8193468,"Материнская плата ASUS TUF GAMING A520M-PLUS [AM4, AMD A520, 4xDDR4-4800 МГц, 1xPCI-Ex16, аудио 7.1, Micro-ATX]",6599,23:06:13,17:55:13
1654722,"Материнская плата ASRock B460M-HDV [LGA 1200, Intel B460, 2xDDR4-2933 МГц, 1xPCI-Ex16, аудио 7.1, Micro-ATX]",6599,2021-06-18,17:55:13
1611365,"Материнская плата ASUS PRIME H310-PLUS R2.0 [LGA 1151-v2, Intel H310, 2xDDR4-2666 МГц, 1xPCI-Ex16, аудио 7.1, Standard-ATX]",6550,23:06:13,17:55:13
1663766,"Материнская плата GIGABYTE B550M S2H [AM4, AMD B550, 2xDDR4-5000 МГц, 1xPCI-Ex16, аудио 7.1, Micro-ATX]",6699,2021-06-18,17:55:13
1273931,"Материнская плата ASRock Fatal1ty B450 Gaming K4 [AM4, AMD B450, 4xDDR4-3200 МГц, 2xPCI-Ex16, аудио 7.1, Standard-ATX]",6750,2021-06-18,17:55:13
1343480,"Материнская плата ASRock B450M STEEL LEGEND [AM4, AMD B450, 4xDDR4-3533 МГц, 2xPCI-Ex16, аудио 7.1, Micro-ATX]",6750,23:06:13,17:55:13
1688765,"Материнская плата GIGABYTE A520 AORUS ELITE [AM4, AMD A520, 4xDDR4-4733 МГц, 2xPCI-Ex16, аудио 7.1, Standard-ATX]",6699,23:06:13,17:55:13
1663776,"Материнская плата ASRock A520M Pro4 [AM4, AMD A520, 4xDDR4-4733 МГц, 2xPCI-Ex16, аудио 7.1, Micro-ATX]",6799,23:06:13,17:55:13
4807498,"Материнская плата ASUS PRIME H510M-K [LGA 1200, Intel H510, 2xDDR4-3200 МГц, 1xPCI-Ex16, аудио 7.1, Micro-ATX]",7150,23:06:13,17:55:13
1688763,"Материнская плата GIGABYTE B460M GAMING HD [LGA 1200, Intel B460, 2xDDR4-2933 МГц, 1xPCI-Ex16, аудио 7.1, Micro-ATX]",6899,2021-06-18,17:55:13
1395033,"Материнская плата ASRock B365M-ITX/ac [LGA 1151-v2, Intel B365, 2xDDR4-2666 МГц, 1xPCI-Ex16, аудио 7.1, Mini-ITX]",6999,2021-06-18,17:55:13
1672229,"Материнская плата ASRock B450M STEEL LEGEND (BULK) [AM4, AMD B450, 4xDDR4-3533 МГц, 2xPCI-Ex16, аудио 7.1, Micro-ATX]",6999,2021-06-18,17:55:13
1668544,"Материнская плата ASUS PRIME H410M-A [LGA 1200, Intel H410, 2xDDR4-2933 МГц, 1xPCI-Ex16, аудио 7.1, Micro-ATX]",6999,2021-06-18,17:55:13
1655153,"Материнская плата GIGABYTE B460M D2V [LGA 1200, Intel B460, 2xDDR4-2933 МГц, 1xPCI-Ex16, аудио 7.1, Micro-ATX]",6999,2021-06-18,17:55:13
4759222,"Материнская плата GIGABYTE H510M H [LGA 1200, Intel H510, 2xDDR4-3200 МГц, 1xPCI-Ex16, аудио 7.1, Micro-ATX]",6050,2021-06-21,09:39:21
1607632,"Материнская плата MSI B450-A PRO MAX [AM4, AMD B450, 4xDDR4-4133 МГц, 2xPCI-Ex16, аудио 7.1, Standard-ATX]",6999,2021-06-18,17:55:13
1663080,"Материнская плата MSI B450M BAZOOKA MAX WIFI [AM4, AMD B450, 4xDDR4-4133 МГц, 2xPCI-Ex16, аудио 7.1, Micro-ATX]",6999,2021-06-18,17:55:13
1607638,"Материнская плата MSI B450M MORTAR MAX [AM4, AMD B450, 4xDDR4-4133 МГц, 2xPCI-Ex16, аудио 7.1, Micro-ATX]",6999,2021-06-18,17:55:13
4735388,"Материнская плата MSI B460M PRO-VDH [LGA 1200, Intel B460, 4xDDR4-2933 МГц, 1xPCI-Ex16, аудио 7.1, Micro-ATX]",6999,2021-06-18,17:55:13
4728690,"Материнская плата MSI MAG A520M VECTOR WIFI [AM4, AMD A520, 2xDDR4-4600 МГц, 1xPCI-Ex16, аудио 7.1, Micro-ATX]",6999,2021-06-18,17:55:13
1343504,"Материнская плата ASRock B365 PRO4 [LGA 1151-v2, Intel B365, 4xDDR4-2666 МГц, 2xPCI-Ex16, аудио 7.1, Standard-ATX]",7050,2021-06-18,17:55:13
1275074,"Материнская плата ASUS PRIME B450-PLUS [AM4, AMD B450, 4xDDR4-3200 МГц, 2xPCI-Ex16, аудио 7.1, Standard-ATX]",7499,2021-06-21,09:39:21
1655156,"Материнская плата GIGABYTE B460M DS3H [LGA 1200, Intel B460, 4xDDR4-2933 МГц, 1xPCI-Ex16, аудио 7.1, Micro-ATX]",7199,2021-06-18,17:55:13
4802867,"Материнская плата GIGABYTE B460M DS3H V2 [LGA 1200, Intel H470, 4xDDR4-2933 МГц, 2xPCI-Ex16, аудио 7.1, Micro-ATX]",7199,2021-06-18,17:55:13
1663619,"Материнская плата MSI B460M PRO [LGA 1200, Intel B460, 2xDDR4-2933 МГц, 1xPCI-Ex16, аудио 7.1, Micro-ATX]",7199,2021-06-18,17:55:13
1372483,"Материнская плата GIGABYTE B365 M AORUS ELITE [LGA 1151-v2, Intel B365, 4xDDR4-2666 МГц, 2xPCI-Ex16, аудио 7.1, Micro-ATX]",7250,2021-06-18,17:55:13
1663767,"Материнская плата GIGABYTE B550M DS3H [AM4, AMD B550, 4xDDR4-4000 МГц, 1xPCI-Ex16, аудио 7.1, Micro-ATX]",7199,23:06:13,17:55:13
1668538,"Материнская плата ASUS PRIME B460M-K [LGA 1200, Intel B460, 2xDDR4-2933 МГц, 1xPCI-Ex16, аудио 7.1, Micro-ATX]",7299,2021-06-18,17:55:13
1053914,"Материнская плата ASUS H110T [LGA 1151, Intel H110, 2xDDR4-2133 МГц, аудио 7.1, Mini-ITX]",7499,2021-06-18,17:55:13
1325916,"Материнская плата ASUS TUF B450M-PRO GAMING [AM4, AMD B450, 4xDDR4-3533 МГц, 2xPCI-Ex16, аудио 7.1, Micro-ATX]",7499,2021-06-18,17:55:13
1688759,"Материнская плата MSI B550M-A PRO [AM4, AMD B550, 2xDDR4-4600 МГц, 1xPCI-Ex16, аудио 7.1, Micro-ATX]",7499,2021-06-18,17:55:13
4759090,"Материнская плата MSI H510M PRO [LGA 1200, Intel H510, 2xDDR4-3200 МГц, 1xPCI-Ex16, аудио 7.1, Micro-ATX]",7650,23:06:13,17:55:13
1663618,"Материнская плата MSI B460M PRO-VDH WIFI [LGA 1200, Intel B460, 4xDDR4-2933 МГц, 1xPCI-Ex16, аудио 7.1, Micro-ATX]",7650,2021-06-18,17:55:13
1654720,"Материнская плата ASRock B460M Pro4 [LGA 1200, Intel B460, 4xDDR4-2933 МГц, 2xPCI-Ex16, аудио 7.1, Micro-ATX]",7699,2021-06-18,17:55:13
1275051,"Материнская плата GIGABYTE B450 AORUS ELITE [AM4, AMD B450, 4xDDR4-3600 МГц, 2xPCI-Ex16, аудио 7.1, Standard-ATX]",7799,2021-06-18,17:55:13
1668534,"Материнская плата ASUS PRIME B550M-K [AM4, AMD B550, 4xDDR4-4800 МГц, 1xPCI-Ex16, аудио 7.1, Micro-ATX]",7899,2021-06-21,09:39:21
1275071,"Материнская плата ASUS TUF B450-PLUS GAMING [AM4, AMD B450, 4xDDR4-3200 МГц, 2xPCI-Ex16, аудио 7.1, Standard-ATX]",7999,2021-06-21,09:39:21
1654718,"Материнская плата ASRock B460 Phantom Gaming 4 [LGA 1200, Intel B460, 4xDDR4-2933 МГц, 2xPCI-Ex16, аудио 7.1, Standard-ATX]",7999,2021-06-18,17:55:13
1654732,"Материнская плата ASRock B460M-ITX/ac [LGA 1200, Intel B460, 2xDDR4-2933 МГц, 1xPCI-Ex16, аудио 7.1, Mini-ITX]",7999,2021-06-18,17:55:13
1604616,"Материнская плата ASUS PRIME A320I-K/CSM [AM4, AMD A320, 2xDDR4-3600 МГц, 1xPCI-Ex16, аудио 7.1, Mini-ITX]",7999,2021-06-18,17:55:13
1655154,"Материнская плата GIGABYTE B460M D3H [LGA 1200, Intel B460, 4xDDR4-2933 МГц, 2xPCI-Ex16, аудио 7.1, Micro-ATX]",7999,2021-06-18,17:55:13
1655157,"Материнская плата GIGABYTE H470M DS3H [LGA 1200, Intel H470, 4xDDR4-2933 МГц, 2xPCI-Ex16, аудио 7.1, Micro-ATX]",7999,2021-06-18,17:55:13
1392014,"Материнская плата MSI B450 GAMING PLUS MAX [AM4, AMD B450, 4xDDR4-4133 МГц, 2xPCI-Ex16, аудио 7.1, Standard-ATX]",7999,2021-06-18,17:55:13
1663617,"Материнская плата MSI MAG B460M BAZOOKA [LGA 1200, Intel B460, 4xDDR4-2933 МГц, 1xPCI-Ex16, аудио 7.1, Micro-ATX]",7999,2021-06-18,17:55:13
1395083,"Материнская плата ASUS TUF B365M-PLUS GAMING [LGA 1151-v2, Intel B365, 4xDDR4-2666 МГц, 2xPCI-Ex16, аудио 7.1, Micro-ATX]",8150,2021-06-18,17:55:13
1396930,"Материнская плата MSI B450 TOMAHAWK MAX [AM4, AMD B450, 4xDDR4-4133 МГц, 2xPCI-Ex16, аудио 7.1, Standard-ATX]",8199,2021-06-18,17:55:13
1676377,"Материнская плата ASUS TUF GAMING B450M-PRO S [AM4, AMD B450, 4xDDR4-4400 МГц, 2xPCI-Ex16, аудио 7.1, Micro-ATX]",7950,2021-06-21,09:39:21
4754559,"Материнская плата MSI H410I PRO WIFI [LGA 1200, Intel H410, 2xDDR4-2933 МГц, 1xPCI-Ex16, аудио 7.1, Mini-ITX]",8299,2021-06-21,09:39:21
4799809,"Материнская плата ASUS TUF GAMING B450M-PLUS II [AM4, AMD B450, 4xDDR4-4400 МГц, 2xPCI-Ex16, аудио 7.1, Micro-ATX]",7350,23:06:13,17:55:13
1275046,"Материнская плата GIGABYTE B450 AORUS PRO [AM4, AMD B450, 4xDDR4-3600 МГц, 3xPCI-Ex16, аудио 7.1, Standard-ATX]",8799,2021-06-21,09:39:21
1398541,"Материнская плата GIGABYTE Z390 D [LGA 1151-v2, Intel Z390, 4xDDR4-4266 МГц, 3xPCI-Ex16, аудио 7.1, Standard-ATX]",8150,2021-06-21,09:39:21
4739095,"Материнская плата MSI B550M PRO-VDH [AM4, AMD B550, 4xDDR4-4400 МГц, 1xPCI-Ex16, аудио 7.1, Micro-ATX]",8450,2021-06-21,09:39:21
4759092,"Материнская плата MSI B560M-A PRO [LGA 1200, Intel B560, 2xDDR4-3200 МГц, 1xPCI-Ex16, аудио 7.1, Micro-ATX]",8499,2021-06-18,17:55:13
1654719,"Материнская плата ASRock B460M Steel Legend [LGA 1200, Intel B460, 4xDDR4-2933 МГц, 2xPCI-Ex16, аудио 7.1, Micro-ATX]",9499,2021-06-21,09:39:21
1689156,"Материнская плата GIGABYTE B550M AORUS ELITE [AM4, AMD B550, 4xDDR4-4000 МГц, 2xPCI-Ex16, аудио 7.1, Micro-ATX]",9499,2021-06-21,09:39:21
4759220,"Материнская плата GIGABYTE B560M DS3H [LGA 1200, Intel B560, 4xDDR4-3200 МГц, 1xPCI-Ex16, аудио 7.1, Micro-ATX]",8999,2021-06-21,09:39:21
1654714,"Материнская плата ASRock H470M Pro4 [LGA 1200, Intel H470, 4xDDR4-2933 МГц, 2xPCI-Ex16, аудио 7.1, Micro-ATX]",9999,2021-06-22,11:12:43
1293280,"Материнская плата GIGABYTE Z390 UD [LGA 1151-v2, Intel Z390, 4xDDR4-4266 МГц, 3xPCI-Ex16, аудио 7.1, Standard-ATX]",9199,2021-06-21,09:39:21
1339413,"Материнская плата GIGABYTE Z390 M [LGA 1151-v2, Intel Z390, 4xDDR4-4266 МГц, 2xPCI-Ex16, аудио 7.1, Micro-ATX]",8699,2021-06-21,09:39:21
1668532,"Материнская плата ASUS PRIME B550M-A [AM4, AMD B550, 4xDDR4-4400 МГц, 1xPCI-Ex16, аудио 7.1, Micro-ATX]",8750,2021-06-21,09:39:21
4799844,"Материнская плата ASUS TUF GAMING B450M-PRO II [AM4, AMD B450, 4xDDR4-4400 МГц, 2xPCI-Ex16, аудио 7.1, Micro-ATX]",9199,2021-06-21,09:39:21
1668529,"Материнская плата ASUS PRIME B460M-A [LGA 1200, Intel B460, 4xDDR4-2933 МГц, 1xPCI-Ex16, аудио 7.1, Micro-ATX]",8799,2021-06-18,17:55:13
1668316,"Материнская плата GIGABYTE B460 HD3 [LGA 1200, Intel B460, 4xDDR4-2933 МГц, 2xPCI-Ex16, аудио 7.1, Standard-ATX]",8899,2021-06-18,17:55:13
1663616,"Материнская плата MSI MAG B460M MORTAR [LGA 1200, Intel B460, 4xDDR4-2933 МГц, 2xPCI-Ex16, аудио 7.1, Micro-ATX]",8650,2021-06-21,09:39:21
1343501,"Материнская плата ASRock B365 PHANTOM GAMING 4 [LGA 1151-v2, Intel B365, 4xDDR4-2666 МГц, 2xPCI-Ex16, аудио 7.1, Standard-ATX]",8999,2021-06-18,17:55:13
1654717,"Материнская плата ASRock B460 Pro4 [LGA 1200, Intel B460, 4xDDR4-2933 МГц, 2xPCI-Ex16, аудио 7.1, Standard-ATX]",8999,2021-06-18,17:55:13
4764221,"Материнская плата ASRock H510M-ITX/ac [LGA 1200, Intel H510, 2xDDR4-3200 МГц, 1xPCI-Ex16, аудио 7.1, Mini-ITX]",8999,2021-06-18,17:55:13
4730950,"Материнская плата ASUS PRIME H410I-PLUS [LGA 1200, Intel H410, 2xDDR4-2666 МГц, 1xPCI-Ex16, аудио 7.1, Mini-ITX]",8999,2021-06-18,17:55:13
1325940,"Материнская плата ASUS TUF B450-PRO GAMING [AM4, AMD B450, 4xDDR4-3533 МГц, 2xPCI-Ex16, аудио 7.1, Standard-ATX]",9199,2021-06-21,09:39:21
1688764,"Материнская плата GIGABYTE A520I AC [AM4, AMD A520, 2xDDR4-5300 МГц, 1xPCI-Ex16, аудио 7.1, Mini-ITX]",8999,2021-06-18,17:55:13
1655155,"Материнская плата GIGABYTE B460M AORUS PRO [LGA 1200, Intel B460, 4xDDR4-2933 МГц, 2xPCI-Ex16, аудио 7.1, Micro-ATX]",8999,2021-06-18,17:55:13
1679845,"Материнская плата MSI B550M PRO-VDH WIFI [AM4, AMD B550, 4xDDR4-4400 МГц, 1xPCI-Ex16, аудио 7.1, Micro-ATX]",8999,2021-06-18,17:55:13
1688761,"Материнская плата MSI MAG B460 TORPEDO [LGA 1200, Intel B460, 4xDDR4-2933 МГц, 2xPCI-Ex16, аудио 7.1, Standard-ATX]",8999,2021-06-18,17:55:13
1602433,"Материнская плата MSI X470 GAMING PLUS MAX [AM4, AMD X470, 4xDDR4-4133 МГц, 3xPCI-Ex16, аудио 7.1, Standard-ATX]",8999,2021-06-18,17:55:13
8193470,"Материнская плата ASUS PRIME B460I-PLUS [LGA 1200, Intel B460, 2xDDR4-2933 МГц, 1xPCI-Ex16, аудио 7.1, Mini-ITX]",9299,2021-06-18,17:55:13
4759219,"Материнская плата GIGABYTE B560M D3H [LGA 1200, Intel B560, 4xDDR4-3200 МГц, 2xPCI-Ex16, аудио 7.1, Micro-ATX]",9999,2021-06-21,09:39:21
1298414,"Материнская плата ASUS PRIME Z390M-PLUS [LGA 1151-v2, Intel Z390, 4xDDR4-4266 МГц, 2xPCI-Ex16, аудио 7.1, Micro-ATX]",9499,2021-06-18,17:55:13
1654716,"Материнская плата ASRock B460 Steel Legend [LGA 1200, Intel B460, 4xDDR4-2933 МГц, 2xPCI-Ex16, аудио 7.1, Standard-ATX]",10999,2021-06-21,09:39:21
1663780,"Материнская плата ASRock B550M-ITX/ac [AM4, AMD B550, 2xDDR4-4733 МГц, 1xPCI-Ex16, аудио 7.1, Mini-ITX]",9999,2021-06-18,17:55:13
4764219,"Материнская плата ASRock B560M-ITX/ac [LGA 1200, Intel B560, 2xDDR4-4600 МГц, 1xPCI-Ex16, аудио 7.1, Mini-ITX]",9999,2021-06-18,17:55:13
1314895,"Материнская плата GIGABYTE B450 I AORUS PRO WIFI [AM4, AMD B450, 2xDDR4-3200 МГц, 1xPCI-Ex16, аудио 7.1, Mini-ITX]",9999,2021-06-18,17:55:13
1681540,"Материнская плата GIGABYTE Q370M D3H GSM PLUS [LGA 1151-v2, Intel Q370, 4xDDR4-2666 МГц, 2xPCI-Ex16, аудио 7.1, Micro-ATX]",9999,2021-06-18,17:55:13
4759087,"Материнская плата MSI B560M PRO-VDH [LGA 1200, Intel B560, 4xDDR4-5066 МГц, 1xPCI-Ex16, аудио 7.1, Micro-ATX]",9999,2021-06-18,17:55:13
1679843,"Материнская плата MSI MAG B550M BAZOOKA [AM4, AMD B550, 4xDDR4-4400 МГц, 1xPCI-Ex16, аудио 7.1, Micro-ATX]",9999,2021-06-18,17:55:13
1303368,"Материнская плата MSI Z390I MPG GAMING EDGE AC [LGA 1151-v2, Intel Z390, 2xDDR4-4600 МГц, 1xPCI-Ex16, аудио 7.1, Mini-ITX]",9999,2021-06-18,17:55:13
4777063,"Материнская плата GIGABYTE B560 HD3 [LGA 1200, Intel B560, 4xDDR4-3200 МГц, 2xPCI-Ex16, аудио 7.1, Standard-ATX]",9750,2021-06-21,09:39:21
1668527,"Материнская плата ASUS TUF B460-PLUS GAMING [LGA 1200, Intel B460, 4xDDR4-2933 МГц, 2xPCI-Ex16, аудио 7.1, Standard-ATX]",10399,2021-06-18,17:55:13
1668533,"Материнская плата ASUS PRIME B550M-A (WI-FI) [AM4, AMD B550, 4xDDR4-4400 МГц, 1xPCI-Ex16, аудио 7.1, Micro-ATX]",10499,2021-06-18,17:55:13
4756618,"Материнская плата ASUS PRIME B560M-A [LGA 1200, Intel B560, 4xDDR4-5000 МГц, 2xPCI-Ex16, аудио 7.1, Micro-ATX]",10999,2021-06-21,09:39:21
1663770,"Материнская плата GIGABYTE B550 GAMING X [AM4, AMD B550, 4xDDR4-4000 МГц, 2xPCI-Ex16, аудио 7.1, Standard-ATX]",10499,2021-06-18,17:55:13
4702334,"Материнская плата GIGABYTE B550 GAMING X V2 [AM4, AMD B550, 4xDDR4-4733 МГц, 2xPCI-Ex16, аудио 7.1, Standard-ATX]",10499,2021-06-18,17:55:13
4702354,"Материнская плата GIGABYTE B550M AORUS PRO-P [AM4, AMD B550, 4xDDR4-4733 МГц, 2xPCI-Ex16, аудио 7.1, Micro-ATX]",10499,2021-06-18,17:55:13
4804781,"Материнская плата GIGABYTE GA-IMB410TN [LGA 1200, Intel H410, 2xDDR4-2933 МГц, 1xPCI-Ex16, аудио 7.1, Mini-ITX]",10499,2021-06-18,17:55:13
1655158,"Материнская плата GIGABYTE H470 HD3 [LGA 1200, Intel H470, 4xDDR4-2933 МГц, 2xPCI-Ex16, аудио 7.1, Standard-ATX]",10499,2021-06-18,17:55:13
1296707,"Материнская плата GIGABYTE Z390 M GAMING [LGA 1151-v2, Intel Z390, 4xDDR4-4266 МГц, 2xPCI-Ex16, аудио 7.1, Micro-ATX]",10499,2021-06-18,17:55:13
4741014,"Материнская плата MSI B450I GAMING PLUS MAX WIFI [AM4, AMD B450, 2xDDR4-3466 МГц, 1xPCI-Ex16, аудио 7.1, Mini-ITX]",10499,2021-06-18,17:55:13
1663614,"Материнская плата MSI MAG B460 TOMAHAWK [LGA 1200, Intel B460, 4xDDR4-2933 МГц, 2xPCI-Ex16, аудио 7.1, Standard-ATX]",10499,2021-06-18,17:55:13
1663302,"Материнская плата ASRock B550 Pro4 [AM4, AMD B550, 4xDDR4-4733 МГц, 2xPCI-Ex16, аудио 7.1, Standard-ATX]",10599,2021-06-21,09:39:21
4811087,"Материнская плата ASUS Pro H410T/CSM [LGA 1200, Intel H410, 2xDDR4-2933 МГц, аудио 7.1, Mini-ITX]",10799,2021-06-18,17:55:13
1663299,"Материнская плата ASRock B550 Phantom Gaming 4/ac [AM4, AMD B550, 4xDDR4-4733 МГц, 2xPCI-Ex16, аудио 7.1, Standard-ATX]",10999,2021-06-18,17:55:13
4789324,"Материнская плата ASRock B560M Steel Legend [LGA 1200, Intel B560, 4xDDR4-4800 МГц, 1xPCI-Ex16, аудио 7.1, Micro-ATX]",10999,2021-06-18,17:55:13
1668537,"Материнская плата ASUS TUF GAMING B460M-PLUS (WI-FI) [LGA 1200, Intel B460, 4xDDR4-2933 МГц, 2xPCI-Ex16, аудио 7.1, Micro-ATX]",10999,2021-06-18,17:55:13
1259280,"Материнская плата GIGABYTE GA-N3160TN [FCBGA1170, 2xDDR3L-1600 МГц, аудио 5.1, Mini-ITX]",9999,2021-06-22,11:12:43
1679844,"Материнская плата MSI B550-A PRO [AM4, AMD B550, 4xDDR4-4400 МГц, 2xPCI-Ex16, аудио 7.1, Standard-ATX]",10999,2021-06-18,17:55:13
4759091,"Материнская плата MSI H510I PRO WIFI [LGA 1200, Intel H510, 2xDDR4-3200 МГц, 1xPCI-Ex16, аудио 7.1, Mini-ITX]",10999,2021-06-18,17:55:13
1663615,"Материнская плата MSI MAG B460M MORTAR WIFI [LGA 1200, Intel B460, 4xDDR4-2933 МГц, 2xPCI-Ex16, аудио 7.1, Micro-ATX]",10999,2021-06-18,17:55:13
4721759,"Материнская плата MSI MPG B460I GAMING EDGE WIFI [LGA 1200, Intel B460, 2xDDR4-2933 МГц, 1xPCI-Ex16, аудио 7.1, Mini-ITX]",10999,2021-06-18,17:55:13
4702304,"Материнская плата GIGABYTE B550 AORUS ELITE V2 [AM4, AMD B550, 4xDDR4-4000 МГц, 3xPCI-Ex16, аудио 7.1, Standard-ATX]",10999,2021-06-21,09:39:21
4759088,"Материнская плата MSI B560M PRO-VDH WIFI [LGA 1200, Intel B560, 4xDDR4-5066 МГц, 1xPCI-Ex16, аудио 7.1, Micro-ATX]",11499,2021-06-21,09:39:21
4759218,"Материнская плата GIGABYTE B560M AORUS ELITE [LGA 1200, Intel B560, 4xDDR4-3200 МГц, 2xPCI-Ex16, аудио 7.1, Micro-ATX]",11999,2021-06-21,09:39:21
1668535,"Материнская плата ASUS ROG STRIX B460-G GAMING [LGA 1200, Intel B460, 4xDDR4-2933 МГц, 2xPCI-Ex16, аудио 7.1, Micro-ATX]",11399,2021-06-18,17:55:13
1663306,"Материнская плата ASRock B550M Steel Legend [AM4, AMD B550, 4xDDR4-4733 МГц, 2xPCI-Ex16, аудио 7.1, Micro-ATX]",11499,2021-06-18,17:55:13
4756611,"Материнская плата ASUS Pro B560M-C/CSM [LGA 1200, Intel B560, 4xDDR4-4600 МГц, 1xPCI-Ex16, аудио 7.1, Micro-ATX]",11499,2021-06-18,17:55:13
1663765,"Материнская плата GIGABYTE B550M AORUS PRO [AM4, AMD B550, 4xDDR4-4733 МГц, 2xPCI-Ex16, аудио 7.1, Micro-ATX]",11499,2021-06-18,17:55:13
1652103,"Материнская плата GIGABYTE Z490M [LGA 1200, Intel Z490, 4xDDR4-4400 МГц, 2xPCI-Ex16, аудио 7.1, Micro-ATX]",11499,2021-06-18,17:55:13
4759084,"Материнская плата MSI MAG B560M BAZOOKA [LGA 1200, Intel B560, 4xDDR4-5066 МГц, 1xPCI-Ex16, аудио 7.1, Micro-ATX]",11499,2021-06-18,17:55:13
1679842,"Материнская плата MSI MPG B550 GAMING PLUS [AM4, AMD B550, 4xDDR4-4400 МГц, 2xPCI-Ex16, аудио 7.1, Standard-ATX]",11499,2021-06-18,17:55:13
4789318,"Материнская плата ASRock Z590M Phantom Gaming 4 [LGA 1200, Intel Z590, 4xDDR4-4800 МГц, 1xPCI-Ex16, аудио 5.1, Micro-ATX]",12499,2021-06-21,09:39:21
4756617,"Материнская плата ASUS PRIME B560-PLUS [LGA 1200, Intel B560, 4xDDR4-4600 МГц, 2xPCI-Ex16, аудио 7.1, Standard-ATX]",11499,2021-06-21,09:39:21
1676528,"Материнская плата ASUS PRIME B550-PLUS [AM4, AMD B550, 4xDDR4-4600 МГц, 2xPCI-Ex16, аудио 7.1, Standard-ATX]",11999,2021-06-21,09:39:21
1654715,"Материнская плата ASRock H470M-ITX/ac [LGA 1200, Intel H470, 2xDDR4-2933 МГц, 1xPCI-Ex16, аудио 7.1, Mini-ITX]",11999,2021-06-18,17:55:13
1652946,"Материнская плата ASRock Z490M Pro4 [LGA 1200, Intel Z490, 4xDDR4-4500 МГц, 2xPCI-Ex16, аудио 7.1, Micro-ATX]",11999,2021-06-18,17:55:13
1669985,"Материнская плата MSI MAG B550M MORTAR [AM4, AMD B550, 4xDDR4-4400 МГц, 2xPCI-Ex16, аудио 7.1, Micro-ATX]",11999,2021-06-18,17:55:13
4739063,"Материнская плата MSI Z490 PLUS [LGA 1200, Intel Z490, 4xDDR4-4000 МГц, 2xPCI-Ex16, аудио 7.1, Standard-ATX]",11999,2021-06-18,17:55:13
4756140,"Материнская плата GIGABYTE B560M AORUS PRO [LGA 1200, Intel B560, 4xDDR4-3200 МГц, 2xPCI-Ex16, аудио 7.1, Micro-ATX]",13999,2021-06-21,09:39:21
4759234,"Материнская плата GIGABYTE Z590M [LGA 1200, Intel Z590, 4xDDR4-5333 МГц, 2xPCI-Ex16, аудио 7.1, Micro-ATX]",13999,2021-06-21,09:39:21
1668543,"Материнская плата ASUS ROG STRIX B460-F GAMING [LGA 1200, Intel B460, 4xDDR4-2933 МГц, 2xPCI-Ex16, аудио 7.1, Standard-ATX]",12299,2021-06-18,17:55:13
4759085,"Материнская плата MSI MAG B560M MORTAR [LGA 1200, Intel B560, 4xDDR4-5066 МГц, 2xPCI-Ex16, аудио 7.1, Micro-ATX]",12499,2021-06-18,17:55:13
1653981,"Материнская плата MSI Z490-A PRO [LGA 1200, Intel Z490, 4xDDR4-4800 МГц, 2xPCI-Ex16, аудио 7.1, Standard-ATX]",12499,2021-06-18,17:55:13
4756628,"Материнская плата ASUS PRIME H570-PLUS [LGA 1200, Intel H570, 4xDDR4-4600 МГц, 2xPCI-Ex16, аудио 7.1, Standard-ATX]",12599,2021-06-18,17:55:13
1664968,"Материнская плата ASUS PRIME Z490M-PLUS [LGA 1200, Intel Z490, 4xDDR4-4400 МГц, 2xPCI-Ex16, аудио 7.1, Micro-ATX]",12999,2021-06-18,17:55:13
1628558,"Материнская плата ASUS ROG STRIX B450-E GAMING [AM4, AMD B450, 4xDDR4-3533 МГц, 3xPCI-Ex16, аудио 7.1, Standard-ATX]",12999,2021-06-18,17:55:13
1668542,"Материнская плата ASUS ROG STRIX B460-I GAMING [LGA 1200, Intel B460, 2xDDR4-2933 МГц, 1xPCI-Ex16, аудио 7.1, Mini-ITX]",12899,2021-06-21,09:39:21
1668530,"Материнская плата ASUS TUF GAMING B550M-PLUS [AM4, AMD B550, 4xDDR4-4400 МГц, 2xPCI-Ex16, аудио 7.1, Micro-ATX]",12699,2021-06-21,09:39:21
1652101,"Материнская плата GIGABYTE Z490 UD [LGA 1200, Intel Z490, 4xDDR4-4500 МГц, 2xPCI-Ex16, аудио 7.1, Standard-ATX]",12999,2021-06-18,17:55:13
1652100,"Материнская плата GIGABYTE Z490M GAMING X [LGA 1200, Intel Z490, 4xDDR4-4400 МГц, 2xPCI-Ex16, аудио 7.1, Micro-ATX]",14499,2021-06-21,09:39:21
1372164,"Материнская плата ASRock X570 Phantom Gaming 4 [AM4, AMD X570, 4xDDR4-4066 МГц, 2xPCI-Ex16, аудио 7.1, Standard-ATX]",13199,2021-06-18,17:55:13
1652943,"Материнская плата ASRock Z490 Pro4 [LGA 1200, Intel Z490, 4xDDR4-4400 МГц, 2xPCI-Ex16, аудио 7.1, Standard-ATX]",13299,2021-06-18,17:55:13
4759230,"Материнская плата GIGABYTE Z590 D [LGA 1200, Intel Z590, 4xDDR4-5333 МГц, 3xPCI-Ex16, аудио 7.1, Standard-ATX]",14499,2021-06-21,09:39:21
4789371,"Материнская плата ASRock Z590M Pro4 [LGA 1200, Intel Z590, 4xDDR4-4800 МГц, 2xPCI-Ex16, аудио 7.1, Micro-ATX]",13299,2021-06-21,09:39:21
1676527,"Материнская плата ASUS TUF GAMING B550-PLUS [AM4, AMD B550, 4xDDR4-4600 МГц, 2xPCI-Ex16, аудио 7.1, Standard-ATX]",13399,2021-06-18,17:55:13
4762109,"Материнская плата MSI MAG B550 TORPEDO [AM4, AMD B550, 4xDDR4-4866 МГц, 2xPCI-Ex16, аудио 7.1, Standard-ATX]",13499,2021-06-18,17:55:13
1673526,"Материнская плата MSI MAG B550M MORTAR WIFI [AM4, AMD B550, 4xDDR4-4400 МГц, 2xPCI-Ex16, аудио 7.1, Micro-ATX]",13499,2021-06-18,17:55:13
1653980,"Материнская плата MSI MPG Z490 GAMING PLUS [LGA 1200, Intel Z490, 4xDDR4-4800 МГц, 2xPCI-Ex16, аудио 7.1, Standard-ATX]",13499,2021-06-18,17:55:13
4702359,"Материнская плата GIGABYTE B550 AORUS Elite AX V2 [AM4, AMD B550, 4xDDR4-4000 МГц, 3xPCI-Ex16, аудио 7.1, Standard-ATX]",13899,23:06:13,17:55:13
4759104,"Материнская плата GIGABYTE B560M AORUS PRO AX [LGA 1200, Intel B560, 4xDDR4-3200 МГц, 2xPCI-Ex16, аудио 7.1, Micro-ATX]",14099,23:06:13,17:55:13
1673525,"Материнская плата MSI MAG B550 TOMAHAWK [AM4, AMD B550, 4xDDR4-5100 МГц, 2xPCI-Ex16, аудио 7.1, Standard-ATX]",13999,2021-06-18,17:55:13
4759078,"Материнская плата MSI MAG B560 TORPEDO [LGA 1200, Intel B560, 4xDDR4-5066 МГц, 2xPCI-Ex16, аудио 7.1, Standard-ATX]",13999,2021-06-18,17:55:13
4759077,"Материнская плата MSI MAG B560M MORTAR WIFI [LGA 1200, Intel B560, 4xDDR4-5066 МГц, 2xPCI-Ex16, аудио 7.1, Micro-ATX]",13999,2021-06-18,17:55:13
1653979,"Материнская плата MSI MPG Z490M GAMING EDGE WIFI [LGA 1200, Intel Z490, 4xDDR4-4800 МГц, 2xPCI-Ex16, аудио 7.1, Micro-ATX]",13999,2021-06-18,17:55:13
4702347,"Материнская плата GIGABYTE B550 AORUS PRO V2 [AM4, AMD B550, 4xDDR4-5400 МГц, 3xPCI-Ex16, аудио 7.1, Standard-ATX]",14099,2021-06-18,17:55:13
1372182,"Материнская плата GIGABYTE X570 GAMING X [AM4, AMD X570, 4xDDR4-4000 МГц, 2xPCI-Ex16, аудио 5.1, Standard-ATX]",14299,23:06:13,17:55:13
1372163,"Материнская плата ASRock X570 Pro4 [AM4, AMD X570, 4xDDR4-4066 МГц, 2xPCI-Ex16, аудио 7.1, Standard-ATX]",14399,23:06:13,17:55:13
4789378,"Материнская плата ASRock Z590 Pro4 [LGA 1200, Intel Z590, 4xDDR4-4800 МГц, 2xPCI-Ex16, аудио 7.1, Standard-ATX]",14499,2021-06-18,17:55:13
4756627,"Материнская плата ASUS TUF GAMING H570-PRO [LGA 1200, Intel H570, 4xDDR4-5000 МГц, 2xPCI-Ex16, аудио 7.1, Standard-ATX]",14399,23:06:13,17:55:13
1317463,"Материнская плата ASUS TUF Z390-PLUS GAMING (WI-FI) [LGA 1151-v2, Intel Z390, 4xDDR4-4266 МГц, 2xPCI-Ex16, аудио 7.1, Standard-ATX]",14499,2021-06-18,17:55:13
1663772,"Материнская плата GIGABYTE B550 AORUS PRO [AM4, AMD B550, 4xDDR4-5000 МГц, 3xPCI-Ex16, аудио 7.1, Standard-ATX]",14499,2021-06-18,17:55:13
1663769,"Материнская плата GIGABYTE B550I AORUS PRO AX [AM4, AMD B550, 2xDDR4-5300 МГц, 1xPCI-Ex16, аудио 7.1, Mini-ITX]",14099,2021-06-21,10:43:02
1663303,"Материнская плата ASRock B550 Steel Legend [AM4, AMD B550, 4xDDR4-4733 МГц, 2xPCI-Ex16, аудио 7.1, Standard-ATX]",14699,2021-06-18,17:55:13
1652948,"Материнская плата ASRock Z490M-ITX/ac [LGA 1200, Intel Z490, 2xDDR4-4400 МГц, 1xPCI-Ex16, аудио 7.1, Mini-ITX]",14999,2021-06-18,17:55:13
1298412,"Материнская плата ASUS PRIME Z390-A [LGA 1151-v2, Intel Z390, 4xDDR4-4266 МГц, 3xPCI-Ex16, аудио 7.1, Standard-ATX]",14999,2021-06-18,17:55:13
1676536,"Материнская плата ASUS ROG STRIX H470-I GAMING [LGA 1200, Intel H470, 2xDDR4-2933 МГц, 1xPCI-Ex16, аудио 7.1, Mini-ITX]",14999,2021-06-18,17:55:13
1663773,"Материнская плата GIGABYTE B550 AORUS PRO AC [AM4, AMD B550, 4xDDR4-5200 МГц, 3xPCI-Ex16, аудио 7.1, Standard-ATX]",14999,2021-06-18,17:55:13
4799828,"Материнская плата ASUS TUF GAMING B550-PRO [AM4, AMD B550, 4xDDR4-5100 МГц, 2xPCI-Ex16, аудио 7.1, Standard-ATX]",14699,2021-06-21,09:39:21
4759216,"Материнская плата GIGABYTE B560 AORUS PRO AX [LGA 1200, Intel B560, 4xDDR4-3200 МГц, 3xPCI-Ex16, аудио 7.1, Standard-ATX]",15099,2021-06-22,10:09:03
1373790,"Материнская плата MSI MPG X570 GAMING PLUS [AM4, AMD X570, 4xDDR4-4400 МГц, 2xPCI-Ex16, аудио 7.1, Standard-ATX]",15199,00:09:46,17:55:13
4756602,"Материнская плата ASUS PRIME Z590M-PLUS [LGA 1200, Intel Z590, 4xDDR4-5133 МГц, 2xPCI-Ex16, аудио 7.1, Micro-ATX]",15399,2021-06-18,17:55:13
4769049,"Материнская плата ASUS ROG STRIX B550-A GAMING [AM4, AMD B550, 4xDDR4-5100 МГц, 2xPCI-Ex16, аудио 7.1, Standard-ATX]",15399,2021-06-18,17:55:13
4756613,"Материнская плата ASUS ROG STRIX B560-I GAMING WIFI [LGA 1200, Intel B560, 2xDDR4-5333 МГц, 1xPCI-Ex16, аудио 7.1, Mini-ITX]",15299,23:06:13,17:55:13
1663297,"Материнская плата ASRock B550 Extreme4 [AM4, AMD B550, 4xDDR4-4733 МГц, 2xPCI-Ex16, аудио 7.1, Standard-ATX]",15499,2021-06-18,17:55:13
4789380,"Материнская плата ASRock Z590M-ITX/ax [LGA 1200, Intel Z590, 2xDDR4-5066 МГц, 1xPCI-Ex16, аудио 7.1, Mini-ITX]",15499,2021-06-18,17:55:13
4756614,"Материнская плата ASUS TUF GAMING B560-PLUS WIFI [LGA 1200, Intel B560, 4xDDR4-5000 МГц, 2xPCI-Ex16, аудио 7.1, Standard-ATX]",14599,23:06:13,17:55:13
1653978,"Материнская плата MSI MAG Z490 TOMAHAWK [LGA 1200, Intel Z490, 4xDDR4-4800 МГц, 2xPCI-Ex16, аудио 7.1, Standard-ATX]",15499,2021-06-18,17:55:13
4759235,"Материнская плата GIGABYTE Z590M GAMING X [LGA 1200, Intel Z590, 4xDDR4-3200 МГц, 2xPCI-Ex16, аудио 7.1, Micro-ATX]",15299,23:06:13,17:55:13
4756603,"Материнская плата ASUS PRIME Z590-P [LGA 1200, Intel Z590, 4xDDR4-5133 МГц, 2xPCI-Ex16, аудио 7.1, Standard-ATX]",15799,23:06:13,17:55:13
4756623,"Материнская плата ASUS ROG STRIX B560-G GAMING WIFI [LGA 1200, Intel B560, 4xDDR4-5000 МГц, 2xPCI-Ex16, аудио 7.1, Micro-ATX]",15799,23:06:13,17:55:13
1668549,"Материнская плата ASUS ROG STRIX B550-F GAMING [AM4, AMD B550, 4xDDR4-4400 МГц, 2xPCI-Ex16, аудио 7.1, Standard-ATX]",15799,2021-06-18,17:55:13
4755070,"Материнская плата GIGABYTE Z590 GAMING X [LGA 1200, Intel Z590, 4xDDR4-5333 МГц, 2xPCI-Ex16, аудио 7.1, Standard-ATX]",15899,2021-06-18,17:55:13
4756136,"Материнская плата GIGABYTE Z590 UD AC [LGA 1200, Intel Z590, 4xDDR4-3200 МГц, 2xPCI-Ex16, аудио 7.1, Standard-ATX]",15899,2021-06-18,17:55:13
1663301,"Материнская плата ASRock B550 Phantom Gaming-ITX/ax [AM4, AMD B550, 2xDDR4-4733 МГц, 1xPCI-Ex16, аудио 7.1, Mini-ITX]",15999,2021-06-18,17:55:13
1372165,"Материнская плата ASRock X570M Pro4 [AM4, AMD X570, 4xDDR4-4200 МГц, 2xPCI-Ex16, аудио 7.1, Micro-ATX]",15999,2021-06-18,17:55:13
4811086,"Материнская плата ASUS Pro Q570M-C/CSM [LGA 1200, Intel Q570, 4xDDR4-3200 МГц, 1xPCI-Ex16, аудио 7.1, Micro-ATX]",15999,2021-06-18,17:55:13
1381660,"Материнская плата GIGABYTE X570 AORUS ELITE [AM4, AMD X570, 4xDDR4-4000 МГц, 2xPCI-Ex16, аудио 7.1, Standard-ATX]",15899,2021-06-21,09:39:21
1688526,"Материнская плата GIGABYTE Z490 GAMING X AX [LGA 1200, Intel Z490, 4xDDR4-4600 МГц, 2xPCI-Ex16, аудио 7.1, Standard-ATX]",15999,2021-06-18,17:55:13
4759080,"Материнская плата MSI MPG B560I GAMING EDGE WIFI [LGA 1200, Intel B560, 2xDDR4-5200 МГц, 1xPCI-Ex16, аудио 7.1, Mini-ITX]",15999,2021-06-18,17:55:13
4759082,"Материнская плата MSI Z590-A PRO [LGA 1200, Intel Z590, 4xDDR4-5333 МГц, 2xPCI-Ex16, аудио 7.1, Standard-ATX]",15999,2021-06-18,17:55:13
1664974,"Материнская плата ASUS PRIME Z490-A [LGA 1200, Intel Z490, 4xDDR4-4600 МГц, 3xPCI-Ex16, аудио 7.1, Standard-ATX]",16699,2021-06-18,17:55:13
1664972,"Материнская плата ASUS TUF GAMING Z490-PLUS (WI-FI) [LGA 1200, Intel Z490, 4xDDR4-4800 МГц, 2xPCI-Ex16, аудио 7.1, Standard-ATX]",16599,15:00:28,17:55:13
4789373,"Материнская плата ASRock Z590 Steel Legend [LGA 1200, Intel Z590, 4xDDR4-4800 МГц, 2xPCI-Ex16, аудио 7.1, Standard-ATX]",16899,23:06:13,17:55:13
4712995,"Материнская плата GIGABYTE B550 AORUS PRO AX [AM4, AMD B550, 4xDDR4-5400 МГц, 3xPCI-Ex16, аудио 7.1, Standard-ATX]",16899,23:06:13,17:55:13
1668548,"Материнская плата ASUS ROG STRIX B550-F GAMING (WI-FI) [AM4, AMD B550, 4xDDR4-4600 МГц, 2xPCI-Ex16, аудио 7.1, Standard-ATX]",16799,23:06:13,17:55:13
1676529,"Материнская плата ASUS ROG STRIX B550-I GAMING [AM4, AMD B550, 2xDDR4-5100 МГц, 1xPCI-Ex16, аудио 7.1, Mini-ITX]",16999,2021-06-18,17:55:13
4756615,"Материнская плата ASUS TUF GAMING B560M-PLUS WIFI [LGA 1200, Intel B560, 4xDDR4-5000 МГц, 2xPCI-Ex16, аудио 7.1, Micro-ATX]",14099,23:06:13,17:55:13
1653977,"Материнская плата MSI MPG Z490 GAMING EDGE WIFI [LGA 1200, Intel Z490, 4xDDR4-4800 МГц, 2xPCI-Ex16, аудио 7.1, Standard-ATX]",16999,2021-06-18,17:55:13
4756621,"Материнская плата ASUS ROG STRIX B560-F GAMING WIFI [LGA 1200, Intel B560, 4xDDR4-5000 МГц, 2xPCI-Ex16, аудио 7.1, Standard-ATX]",17299,23:06:13,17:55:13
4756622,"Материнская плата ASUS ROG STRIX B560-A GAMING WIFI [LGA 1200, Intel B560, 4xDDR4-5000 МГц, 2xPCI-Ex16, аудио 7.1, Standard-ATX]",17599,2021-06-18,17:55:13
4764213,"Материнская плата ASRock Z590 EXTREME [LGA 1200, Intel Z590, 4xDDR4-4800 МГц, 2xPCI-Ex16, аудио 7.1, Standard-ATX]",17899,2021-06-22,10:09:03
1664970,"Материнская плата ASUS ROG STRIX Z490-G GAMING [LGA 1200, Intel Z490, 4xDDR4-4600 МГц, 2xPCI-Ex16, аудио 7.1, Micro-ATX]",17999,2021-06-18,17:55:13
1664973,"Материнская плата ASUS TUF GAMING Z490-PLUS [LGA 1200, Intel Z490, 4xDDR4-4800 МГц, 2xPCI-Ex16, аудио 7.1, Standard-ATX]",17999,2021-06-18,17:55:13
4741556,"Материнская плата GIGABYTE W480M VISION W [LGA 1200, Intel W480, 4xDDR4-4266 МГц, 2xPCI-Ex16, аудио 7.1, Micro-ATX]",17999,2021-06-18,17:55:13
1317458,"Материнская плата ASUS ROG STRIX Z390-F GAMING [LGA 1151-v2, Intel Z390, 4xDDR4-4266 МГц, 3xPCI-Ex16, аудио 7.1, Standard-ATX]",18099,2021-06-18,17:55:13
1664966,"Материнская плата ASUS ROG STRIX Z490-H GAMING [LGA 1200, Intel Z490, 4xDDR4-4600 МГц, 3xPCI-Ex16, аудио 7.1, Standard-ATX]",18799,23:06:13,17:55:13
1607304,"Материнская плата ASRock X570 Phantom Gaming-ITX/TB3 [AM4, AMD X570, 2xDDR4-4533 МГц, 1xPCI-Ex16, аудио 7.1, Mini-ITX]",18999,2021-06-18,17:55:13
1614226,"Материнская плата ASUS TUF GAMING X570-PLUS [AM4, AMD X570, 4xDDR4-5100 МГц, 2xPCI-Ex16, аудио 7.1, Standard-ATX]",18999,2021-06-18,17:55:13
1652112,"Материнская плата GIGABYTE Z490 AORUS ELITE AC [LGA 1200, Intel Z490, 4xDDR4-5000 МГц, 2xPCI-Ex16, аудио 7.1, Standard-ATX]",18999,2021-06-18,17:55:13
1317457,"Материнская плата ASUS ROG STRIX Z390-E GAMING [LGA 1151-v2, Intel Z390, 4xDDR4-4266 МГц, 3xPCI-Ex16, аудио 7.1, Standard-ATX]",19299,2021-06-18,17:55:13
4756606,"Материнская плата ASUS TUF GAMING Z590-PLUS [LGA 1200, Intel Z590, 4xDDR4-5000 МГц, 2xPCI-Ex16, аудио 7.1, Standard-ATX]",19299,2021-06-18,17:55:13
1652105,"Материнская плата GIGABYTE Z490I AORUS ULTRA [LGA 1200, Intel Z490, 2xDDR4-5000 МГц, 1xPCI-Ex16, аудио 7.1, Mini-ITX]",19499,2021-06-18,17:55:13
1372162,"Материнская плата ASRock X570 Extreme4 [AM4, AMD X570, 4xDDR4-4666 МГц, 2xPCI-Ex16, аудио 7.1, Standard-ATX]",19399,23:06:13,17:55:13
1664969,"Материнская плата ASUS ROG STRIX Z490-A GAMING [LGA 1200, Intel Z490, 4xDDR4-4600 МГц, 3xPCI-Ex16, аудио 7.1, Standard-ATX]",19999,2021-06-18,17:55:13
1653976,"Материнская плата MSI MEG Z490I UNIFY [LGA 1200, Intel Z490, 2xDDR4-5000 МГц, 1xPCI-Ex16, аудио 7.1, Mini-ITX]",19999,2021-06-18,17:55:13
1614222,"Материнская плата ASUS TUF GAMING X570-PLUS (WI-FI) [AM4, AMD X570, 4xDDR4-5100 МГц, 2xPCI-Ex16, аудио 7.1, Standard-ATX]",19999,23:06:13,17:55:13
1378284,"Материнская плата GIGABYTE X570 AORUS PRO [AM4, AMD X570, 4xDDR4-4400 МГц, 3xPCI-Ex16, аудио 7.1, Standard-ATX]",19999,2021-06-21,09:39:21
4756605,"Материнская плата ASUS TUF GAMING Z590-PLUS WIFI [LGA 1200, Intel Z590, 4xDDR4-5000 МГц, 2xPCI-Ex16, аудио 7.1, Standard-ATX]",22499,2021-06-21,09:39:21
1668550,"Материнская плата ASUS ROG STRIX B550-E GAMING [AM4, AMD B550, 4xDDR4-4400 МГц, 3xPCI-Ex16, аудио 7.1, Standard-ATX]",20399,2021-06-22,02:43:25
8191637,"Материнская плата ASRock X299 STEEL LEGEND [LGA 2066, Intel X299, 8xDDR4-4200 МГц, 4xPCI-Ex16, аудио 7.1, Standard-ATX]",21099,2021-06-18,17:55:13
1663774,"Материнская плата GIGABYTE B550 AORUS MASTER [AM4, AMD B550, 4xDDR4-5000 МГц, 3xPCI-Ex16, аудио 7.1, Standard-ATX]",21499,2021-06-18,17:55:13
1664975,"Материнская плата ASUS ROG STRIX Z490-I GAMING [LGA 1200, Intel Z490, 2xDDR4-4800 МГц, 1xPCI-Ex16, аудио 7.1, Mini-ITX]",21599,2021-06-18,17:55:13
4755063,"Материнская плата GIGABYTE Z590 VISION G [LGA 1200, Intel Z590, 4xDDR4-5333 МГц, 3xPCI-Ex16, аудио 7.1, Standard-ATX]",21699,23:06:13,17:55:13
1652108,"Материнская плата GIGABYTE Z490 AORUS PRO AX [LGA 1200, Intel Z490, 4xDDR4-5000 МГц, 3xPCI-Ex16, аудио 7.1, Standard-ATX]",21999,2021-06-18,17:55:13
4759074,"Материнская плата MSI MAG Z590 TORPEDO [LGA 1200, Intel Z590, 4xDDR4-5333 МГц, 2xPCI-Ex16, аудио 7.1, Standard-ATX]",21999,2021-06-18,17:55:13
4736926,"Материнская плата ASUS TUF GAMING X570-PRO (WI-FI) [AM4, AMD X570, 4xDDR4-5100 МГц, 2xPCI-Ex16, аудио 7.1, Standard-ATX]",22599,2021-06-18,17:55:13
4759232,"Материнская плата GIGABYTE Z590I AORUS ULTRA [LGA 1200, Intel Z590, 2xDDR4-4600 МГц, 1xPCI-Ex16, аудио 7.1, Mini-ITX]",24099,23:06:13,17:55:13
4755013,"Материнская плата GIGABYTE Z590 AORUS ELITE AX [LGA 1200, Intel Z590, 4xDDR4-3200 МГц, 2xPCI-Ex16, аудио 7.1, Standard-ATX]",24799,23:06:13,17:55:13
1614800,"Материнская плата ASUS ROG Strix X570-I Gaming [AM4, AMD X570, 2xDDR4-4800 МГц, 1xPCI-Ex16, аудио 7.1, Mini-ITX]",24999,2021-06-18,17:55:13
1381664,"Материнская плата GIGABYTE X570 AORUS ULTRA [AM4, AMD X570, 4xDDR4-4400 МГц, 3xPCI-Ex16, аудио 7.1, Standard-ATX]",24799,23:06:13,17:55:13
1652107,"Материнская плата GIGABYTE Z490 AORUS ULTRA [LGA 1200, Intel Z490, 4xDDR4-5000 МГц, 3xPCI-Ex16, аудио 7.1, Standard-ATX]",24999,2021-06-18,17:55:13
4754560,"Материнская плата MSI MEG B550 UNIFY-X [AM4, AMD B550, 2xDDR4-5800 МГц, 2xPCI-Ex16, аудио 7.1, Standard-ATX]",24999,2021-06-18,17:55:13
4756608,"Материнская плата ASUS ROG STRIX Z590-A GAMING WIFI [LGA 1200, Intel Z590, 4xDDR4-5333 МГц, 3xPCI-Ex16, аудио 7.1, Standard-ATX]",25699,23:06:13,17:55:13
4789366,"Материнская плата ASRock Z590 PG Velocita [LGA 1200, Intel Z590, 4xDDR4-4800 МГц, 3xPCI-Ex16, аудио 7.1, Standard-ATX]",25499,2021-06-18,17:55:13
1652106,"Материнская плата GIGABYTE Z490 VISION D [LGA 1200, Intel Z490, 4xDDR4-4400 МГц, 3xPCI-Ex16, аудио 7.1, Standard-ATX]",25999,2021-06-18,17:55:13
4759068,"Материнская плата MSI MPG Z590 GAMING FORCE [LGA 1200, Intel Z590, 4xDDR4-5333 МГц, 3xPCI-Ex16, аудио 7.1, Standard-ATX]",26999,2021-06-18,17:55:13
4755931,"Материнская плата ASUS ROG STRIX Z590-F GAMING WIFI [LGA 1200, Intel Z590, 4xDDR4-5333 МГц, 3xPCI-Ex16, аудио 7.1, Standard-ATX]",27199,23:06:13,17:55:13
1664976,"Материнская плата ASUS ProArt Z490-CREATOR 10G [LGA 1200, Intel Z490, 4xDDR4-4600 МГц, 3xPCI-Ex16, аудио 7.1, Standard-ATX]",27999,2021-06-18,17:55:13
4759069,"Материнская плата MSI MPG Z590 GAMING CARBON WIFI [LGA 1200, Intel Z590, 4xDDR4-5333 МГц, 3xPCI-Ex16, аудио 7.1, Standard-ATX]",27999,2021-06-18,17:55:13
1614780,"Материнская плата ASUS PRIME X299-A II [LGA 2066, Intel X299, 8xDDR4-4266 МГц, 3xPCI-Ex16, аудио 7.1, Standard-ATX]",28999,2021-06-18,17:55:13
4759227,"Материнская плата GIGABYTE Z590 AORUS ULTRA [LGA 1200, Intel Z590, 4xDDR4-3200 МГц, 3xPCI-Ex16, аудио 7.1, Standard-ATX]",29499,23:06:13,17:55:13
4755984,"Материнская плата ASUS ROG STRIX Z590-E GAMING WIFI [LGA 1200, Intel Z590, 4xDDR4-5333 МГц, 3xPCI-Ex16, аудио 7.1, Standard-ATX]",29899,2021-06-18,17:55:13
1668524,"Материнская плата ASUS Pro WS W480-ACE [LGA 1200, Intel W480, 4xDDR4-4800 МГц, 3xPCI-Ex16, аудио 7.1, Standard-ATX]",29999,2021-06-18,17:55:13
1614791,"Материнская плата ASUS ROG Crosshair VIII Impact [AM4, AMD X570, 2xDDR4-4800 МГц, 1xPCI-Ex16, аудио 7.1, Mini-DTX]",29999,2021-06-18,17:55:13
4721768,"Материнская плата GIGABYTE W480 VISION D [LGA 1200, Intel W480, 4xDDR4-4400 МГц, 3xPCI-Ex16, аудио 7.1, Standard-ATX]",29999,2021-06-18,17:55:13
1652114,"Материнская плата GIGABYTE Z490 AORUS MASTER [LGA 1200, Intel Z490, 4xDDR4-5000 МГц, 3xPCI-Ex16, аудио 7.1, Standard-ATX]",29999,2021-06-18,17:55:13
4754917,"Материнская плата GIGABYTE Z590 AORUS PRO AX [LGA 1200, Intel Z590, 4xDDR4-3200 МГц, 3xPCI-Ex16, аудио 7.1, Standard-ATX]",30199,23:06:13,17:55:13
4759233,"Материнская плата GIGABYTE Z590I VISION D [LGA 1200, Intel Z590, 2xDDR4-4600 МГц, 1xPCI-Ex16, аудио 2, Mini-ITX]",29999,2021-06-18,17:55:13
1653973,"Материнская плата MSI MEG Z490 ACE [LGA 1200, Intel Z490, 4xDDR4-4800 МГц, 3xPCI-Ex16, аудио 7.1, Standard-ATX]",31999,2021-06-18,17:55:13
4759231,"Материнская плата GIGABYTE Z590 VISION D [LGA 1200, Intel Z590, 4xDDR4-3200 МГц, 3xPCI-Ex16, аудио 7.1, Standard-ATX]",33999,2021-06-18,17:55:13
1352070,"Материнская плата ASUS PRIME X299-DELUXE II [LGA 2066, Intel X299, 8xDDR4-4266 МГц, 3xPCI-Ex16, аудио 7.1, Standard-ATX]",35899,2021-06-18,17:55:13
4759071,"Материнская плата MSI MEG Z590 UNIFY [LGA 1200, Intel Z590, 4xDDR4-5600 МГц, 1xPCI-Ex16, аудио 7.1, Standard-ATX]",35999,2021-06-18,17:55:13
4802728,"Материнская плата ASRock Z590 Taichi [LGA 1200, Intel Z590, 4xDDR4-5000 МГц, 3xPCI-Ex16, аудио 7.1, Standard-ATX]",37899,2021-06-18,17:55:13
4759225,"Материнская плата GIGABYTE Z590 AORUS MASTER [LGA 1200, Intel Z590, 4xDDR4-3200 МГц, 3xPCI-Ex16, аудио 7.1, Standard-ATX]",37599,2021-06-21,09:39:21
4799852,"Материнская плата ASUS ROG MAXIMUS XIII APEX [LGA 1200, Intel Z590, 2xDDR4-5333 МГц, 2xPCI-Ex16, аудио 7.1, Standard-ATX]",41199,23:06:13,17:55:13
4756032,"Материнская плата ASUS ROG MAXIMUS XIII HERO [LGA 1200, Intel Z590, 4xDDR4-5333 МГц, 3xPCI-Ex16, аудио 7.1, Standard-ATX]",41999,2021-06-18,17:55:13
4759072,"Материнская плата MSI MEG Z590 ACE [LGA 1200, Intel Z590, 4xDDR4-5600 МГц, 3xPCI-Ex16, аудио 7.1, Standard-ATX]",41999,2021-06-18,17:55:13
4721780,"Материнская плата GIGABYTE Z490 AORUS MASTER WATERFORCE [LGA 1200, Intel Z490, 4xDDR4-5000 МГц, 3xPCI-Ex16, аудио 7.1, Standard-ATX]",44999,2021-06-18,17:55:13
1614779,"Материнская плата ASUS Prime X299 Edition 30 [LGA 2066, Intel X299, 8xDDR4-4266 МГц, 3xPCI-Ex16, аудио 7.1, Standard-ATX]",48999,2021-06-18,17:55:13
1379149,"Материнская плата ASRock B365M-HDV [LGA 1151-v2, Intel B365, 2xDDR4-2666 МГц, 1xPCI-Ex16, аудио 7.1, Micro-ATX]",4499
1098740,"Материнская плата ASRock J3355B-ITX [FCBGA1296, Intel Celeron J3355 2x2.0 ГГц, 2xDDR3, DDR3L-1866 МГц, 1xPCI-Ex16, аудио 7.1, Mini-ITX]",5499
7912961,"Материнская плата ASRock Q1900B-ITX [FCBGA1170, Intel Celeron J1900 4x2.0 ГГц, 2xDDR3, DDR3L-1333 МГц, аудио 5.1, Mini-ITX]",5599
1668547,"Материнская плата ASUS PRIME H410M-E [LGA 1200, Intel H410, 2xDDR4-2933 МГц, 1xPCI-Ex16, аудио 7.1, Micro-ATX]",6499
4756610,"Материнская плата ASUS PRIME H510M-E [LGA 1200, Intel H510, 2xDDR4-3200 МГц, 1xPCI-Ex16, аудио 7.1, Micro-ATX]",7799
4755335,"Материнская плата GIGABYTE B450 AORUS ELITE V2 [AM4, AMD B450, 4xDDR4-3600 МГц, 2xPCI-Ex16, аудио 7.1, Standard-ATX]",7599
1273946,"Материнская плата ASRock Fatal1ty B450 Gaming-ITX/ac [AM4, AMD B450, 2xDDR4-3466 МГц, 1xPCI-Ex16, аудио 7.1, Mini-ITX]",8999
1668536,"Материнская плата ASUS TUF GAMING B460M-PLUS [LGA 1200, Intel B460, 4xDDR4-2933 МГц, 2xPCI-Ex16, аудио 7.1, Micro-ATX]",9999
4739073,"Материнская плата ASUS TUF GAMING B550-PLUS (WI-FI) [AM4, AMD B550, 4xDDR4-4600 МГц, 2xPCI-Ex16, аудио 7.1, Standard-ATX]",14499
4759224,"Материнская плата GIGABYTE Z590 AORUS ELITE [LGA 1200, Intel Z590, 4xDDR4-3200 МГц, 2xPCI-Ex16, аудио 7.1, Standard-ATX]",22499
4756607,"Материнская плата ASUS ROG STRIX Z590-I GAMING WIFI [LGA 1200, Intel Z590, 2xDDR4-5133 МГц, 1xPCI-Ex16, аудио 7.1, Mini-ITX]",29999
1378288,"Материнская плата GIGABYTE X570 AORUS MASTER [AM4, AMD X570, 4xDDR4-4400 МГц, 3xPCI-Ex16, аудио 7.1, Standard-ATX]",31199
1620734,"Материнская плата ASUS ROG RAMPAGE VI EXTREME ENCORE [LGA 2066, Intel X299, 8xDDR4-4266 МГц, 3xPCI-Ex16, аудио 7.1, E-ATX]",59999
1668522,"Материнская плата ASUS PRIME H410M-D [LGA 1200, Intel H410, 2xDDR4-2933 МГц, 1xPCI-Ex16, аудио 7.1, Micro-ATX]",6499
1654733,"Материнская плата ASRock H410M-ITX/ac [LGA 1200, Intel H410, 2xDDR4-2933 МГц, 1xPCI-Ex16, аудио 7.1, Mini-ITX]",7599
4759089,"Материнская плата MSI B560M PRO [LGA 1200, Intel B560, 2xDDR4-5200 МГц, 1xPCI-Ex16, аудио 7.1, Micro-ATX]",8999
1381659,"Материнская плата GIGABYTE X570 I AORUS PRO WIFI [AM4, AMD X570, 2xDDR4-4400 МГц, 1xPCI-Ex16, аудио 7.1, Mini-ITX]",18999
1653972,"Материнская плата MSI MEG Z490 GODLIKE [LGA 1200, Intel Z490, 4xDDR4-5000 МГц, 3xPCI-Ex16, аудио 7.1, E-ATX]",64999
4759228,"Материнская плата GIGABYTE Z590 AORUS XTREME [LGA 1200, Intel Z590, 4xDDR4-2933 МГц, 3xPCI-Ex16, аудио 7.1, E-ATX]",95999
1614778,"Материнская плата ASUS ROG STRIX X299-E GAMING II [LGA 2066, Intel X299, 8xDDR4-4266 МГц, 3xPCI-Ex16, аудио 7.1, Standard-ATX]",35999
1369077,"Материнская плата GIGABYTE B450 Gaming X [AM4, AMD B450, 4xDDR4-3600 МГц, 2xPCI-Ex16, аудио 7.1, Standard-ATX]",6499
4756632,"Материнская плата ASUS PRIME H510M-A [LGA 1200, Intel H510, 2xDDR4-3200 МГц, 1xPCI-Ex16, аудио 7.1, Micro-ATX]",8199
4756601,"Материнская плата ASUS PRIME B560M-K [LGA 1200, Intel B560, 2xDDR4-5000 МГц, 1xPCI-Ex16, аудио 7.1, Micro-ATX]",9150
1652942,"Материнская плата ASRock Z490 Steel Legend [LGA 1200, Intel Z490, 4xDDR4-4266 МГц, 2xPCI-Ex16, аудио 7.1, Standard-ATX]",15999
1614233,"Материнская плата ASUS ROG Crosshair VIII Hero (WI-FI) [AM4, AMD X570, 4xDDR4-4800 МГц, 3xPCI-Ex16, аудио 7.1, Standard-ATX]",38199
1364421,"Материнская плата ASUS PRIME B365M-A [LGA 1151-v2, Intel B365, 4xDDR4-2666 МГц, 1xPCI-Ex16, аудио 7.1, Micro-ATX]",5799
4739083,"Материнская плата MSI B550M PRO [AM4, AMD B550, 2xDDR4-4600 МГц, 1xPCI-Ex16, аудио 7.1, Micro-ATX]",6599
1294719,"Материнская плата MSI Z390-A PRO [LGA 1151-v2, Intel Z390, 4xDDR4-4400 МГц, 2xPCI-Ex16, аудио 7.1, Standard-ATX]",9499
1606907,"Материнская плата MSI A320M-A PRO MAX [AM4, AMD A320, 2xDDR4-3200 МГц, 1xPCI-Ex16, аудио 7.1, Micro-ATX]",3899
4730942,"Материнская плата ASUS PRIME B450M-K II [AM4, AMD B450, 2xDDR4-4400 МГц, 1xPCI-Ex16, аудио 7.1, Micro-ATX]",4799
1338520,"Материнская плата MSI H310M PRO-M2 PLUS [LGA 1151-v2, Intel H310, 2xDDR4-2666 МГц, 1xPCI-Ex16, аудио 7.1, Micro-ATX]",4999
1320851,"Материнская плата GIGABYTE B450M S2H [AM4, AMD B450, 2xDDR4-3600 МГц, 1xPCI-Ex16, аудио 7.1, Micro-ATX]",5099
1371962,"Материнская плата ASRock G41C-GS R2.0 [LGA 775, Intel G41, 2xDDR3, 2xDDR2-1333 МГц, 1xPCI-Ex16, аудио 5.1, Micro-ATX]",5999
1343511,"Материнская плата ASRock B365M PHANTOM GAMING 4 [LGA 1151-v2, Intel B365, 4xDDR4-2666 МГц, 2xPCI-Ex16, аудио 7.1, Micro-ATX]",7399
1663300,"Материнская плата ASRock B550 Phantom Gaming 4 [AM4, AMD B550, 4xDDR4-4733 МГц, 2xPCI-Ex16, аудио 7.1, Standard-ATX]",8850
4789321,"Материнская плата ASRock B560 Steel Legend [LGA 1200, Intel B560, 4xDDR4-4800 МГц, 2xPCI-Ex16, аудио 7.1, Standard-ATX]",11299
1663298,"Материнская плата ASRock B550 PG Velocita [AM4, AMD B550, 4xDDR4-4733 МГц, 2xPCI-Ex16, аудио 7.1, Standard-ATX]",17499
4759073,"Материнская плата MSI MEG Z590 GODLIKE [LGA 1200, Intel Z590, 4xDDR4-5600 МГц, 3xPCI-Ex16, аудио 7.1, E-ATX]",89999
1339504,"Материнская плата GIGABYTE H310M S2 2.0 [LGA 1151-v2, Intel H310, 2xDDR4-2666 МГц, 1xPCI-Ex16, аудио 7.1, Micro-ATX]",3199
1251120,"Материнская плата ASRock J4005M [FCBGA1090, Intel Celeron J4005 2x2.0 ГГц, 2xDDR4-2400 МГц, 1xPCI-Ex16, аудио 7.1, Micro-ATX]",5999
4789316,"Материнская плата ASRock Z590 Phantom Gaming 4 [LGA 1200, Intel Z590, 4xDDR4-4800 МГц, 2xPCI-Ex16, аудио 7.1, Standard-ATX]",12999
4811083,"Материнская плата ASUS PRIME Z590-P WIFI [LGA 1200, Intel Z590, 4xDDR4-5133 МГц, 2xPCI-Ex16, аудио 7.1, Standard-ATX]",17299
1616126,"Материнская плата ASUS PRIME X570-PRO [AM4, AMD X570, 4xDDR4-4400 МГц, 3xPCI-Ex16, аудио 7.1, Standard-ATX]",21499
1614235,"Материнская плата ASUS ROG Crosshair VIII Hero [AM4, AMD X570, 4xDDR4-4800 МГц, 3xPCI-Ex16, аудио 7.1, Standard-ATX]",37999
1663304,"Материнская плата ASRock B550 Taichi [AM4, AMD B550, 4xDDR4-4733 МГц, 3xPCI-Ex16, аудио 7.1, Standard-ATX]",23999
4818220,"Материнская плата GIGABYTE B550 VISION D-P [AM4, AMD B550, 4xDDR4-5400 МГц, 3xPCI-Ex16, аудио 7.1, Standard-ATX]",21699
8191732,"Материнская плата GIGABYTE GA-E6010N [BGA769 (FT3b), AMD E1-6010 2x1.35 ГГц, 2xDDR3-1333 МГц, аудио 7.1, Mini-ITX]",2999
1663305,"Материнская плата ASRock B550M Pro4 [AM4, AMD B550, 4xDDR4-4733 МГц, 2xPCI-Ex16, аудио 7.1, Micro-ATX]",8199
1225583,"Материнская плата GIGABYTE H310M H [LGA 1151-v2, Intel H310, 2xDDR4-2666 МГц, 1xPCI-Ex16, аудио 7.1, Micro-ATX]",3550
1370879,"Материнская плата ASUS PRIME H310M-R R2.0 [LGA 1151-v2, Intel H310, 2xDDR4-2666 МГц, 1xPCI-Ex16, аудио 7.1, Micro-ATX]",3499
4756609,"Материнская плата ASUS PRIME H510M-D [LGA 1200, Intel H510, 2xDDR4-3200 МГц, 1xPCI-Ex16, аудио 7.1, Micro-ATX]",7399
1676541,"Материнская плата ASUS PRIME B460-PLUS [LGA 1200, Intel B460, 4xDDR4-2933 МГц, 2xPCI-Ex16, аудио 7.1, Standard-ATX]",10099
1663085,"Материнская плата MSI B450 GAMING PRO CARBON MAX WIFI [AM4, AMD B450, 4xDDR4-4133 МГц, 2xPCI-Ex16, аудио 7.1, Standard-ATX]",11999
4756619,"Материнская плата ASUS PRIME Z590-V [LGA 1200, Intel Z590, 4xDDR4-5133 МГц, 2xPCI-Ex16, аудио 7.1, Standard-ATX]",16999
1614796,"Материнская плата ASUS ROG Strix X570-F Gaming [AM4, AMD X570, 4xDDR4-4400 МГц, 3xPCI-Ex16, аудио 7.1, Standard-ATX]",23199
4756604,"Материнская плата ASUS PRIME Z590-A [LGA 1200, Intel Z590, 4xDDR4-5333 МГц, 3xPCI-Ex16, аудио 7.1, Standard-ATX]",24199
1151959,"Материнская плата ASUS STRIX X399-E GAMING [TR4, AMD X399, 8xDDR4-3600 МГц, 4xPCI-Ex16, аудио 7.1, E-ATX]",31999
4808616,"Материнская плата MSI MPG Z590M GAMING EDGE WIFI [LGA 1200, Intel Z590, 4xDDR4-5333 МГц, 2xPCI-Ex16, аудио 7.1, Micro-ATX]",28199
4774739,"Материнская плата ASRock B450M Pro4-F R2.0 [AM4, AMD B450, 4xDDR4-3200 МГц, 2xPCI-Ex16, аудио 7.1, Micro-ATX]",5799
1663771,"Материнская плата GIGABYTE B550 AORUS ELITE [AM4, AMD B550, 4xDDR4-4733 МГц, 3xPCI-Ex16, аудио 7.1, Standard-ATX]",11499
4759076,"Материнская плата MSI MPG Z590 GAMING PLUS [LGA 1200, Intel Z590, 4xDDR4-5333 МГц, 3xPCI-Ex16, аудио 7.1, Standard-ATX]",22399
